,TSA Pre-Check Arrival Times,Regular Pax Arrival Times,ID Check Process Time 1,ID Check Process Time 2,Milimeter Wave Scan times,X-Ray Scan Time,X-Ray Scan Time,Time to get scanned property
count,57.0,46.0,9.0,7.0,39.0,10.0,10.0,29.0
mean,9.18947368421,12.9456521739,10.1888888889,12.5285714286,11.6358974359,7.54,7.54,1593.10344828
std,9.53058393149,15.9641641257,2.97928030086,4.53126703609,5.8712272177,8.2308633272,8.2308633272,744.336250093
min,0.4,0.6,5.3,7.5,3.5,1.7,1.7,300.0
25%,1.4,2.275,8.8,9.3,8.4,2.025,2.025,1260.0
50%,4.8,9.5,10.0,11.8,11.0,2.7,2.7,1560.0
75%,16.3,16.425,11.9,14.7,12.4,10.375,10.375,1980.0
max,34.8,78.9,15.4,20.4,37.5,25.9,25.9,3000.0
