,TSA Pre-Check Arrival Times,Regular Pax Arrival Times,ID Check Process Time 1,ID Check Process Time 2,Milimeter Wave Scan times,X-Ray Scan Time,X-Ray Scan Time,Time to get scanned property
count,57,46,9,7,39,10,10,29
mean,9.189473684,12.94565217,10.18888889,12.52857143,11.63589744,7.54,7.54,1593.103448
std,9.530583931,15.96416413,2.979280301,4.531267036,5.871227218,8.230863327,8.230863327,744.3362501
min,0.4,0.6,5.3,7.5,3.5,1.7,1.7,300
25%,1.4,2.275,8.8,9.3,8.4,2.025,2.025,1260
50%,4.8,9.5,10,11.8,11,2.7,2.7,1560
75%,16.3,16.425,11.9,14.7,12.4,10.375,10.375,1980
max,34.8,78.9,15.4,20.4,37.5,25.9,25.9,3000
