,ID,MM,Xray,Double,preBag,regBag,fastBag
mean,11.2125,11.63589744,7.54,1593.103448,30,60,50
std,3.792602449,5.871227218,8.230863327,744.3362501,5,10,8.5
